{"frames":{"Georgie clone0.png":{"frame":{"x":0,"y":0,"w":300,"h":300},"rotated":false,"trimmed":false,"spriteSourceSize":{"x":0,"y":0,"w":300,"h":300},"sourceSize":{"w":300,"h":300}},"Georgie clone1.png":{"frame":{"x":300,"y":0,"w":300,"h":300},"rotated":false,"trimmed":false,"spriteSourceSize":{"x":0,"y":0,"w":300,"h":300},"sourceSize":{"w":300,"h":300}},"Georgie clone2.png":{"frame":{"x":0,"y":300,"w":300,"h":300},"rotated":false,"trimmed":false,"spriteSourceSize":{"x":0,"y":0,"w":300,"h":300},"sourceSize":{"w":300,"h":300}},"Georgie clone3.png":{"frame":{"x":300,"y":300,"w":300,"h":300},"rotated":false,"trimmed":false,"spriteSourceSize":{"x":0,"y":0,"w":300,"h":300},"sourceSize":{"w":300,"h":300}}},"meta":{"app":"https://github.com/piskelapp/piskel/","version":"1.0","image":"Georgie clone.png","format":"RGBA8888","size":{"w":600,"h":600}}}